date,start,high,low,end,adjusted
2020/02/13,"23,849.76","23,908.85","23,784.31","23,827.73","23,827.73"
2020/02/12,"23,741.21","23,869.73","23,693.72","23,861.21","23,861.21"
2020/02/10,"23,631.79","23,788.25","23,621.72","23,685.98","23,685.98"
2020/02/07,"23,899.01","23,943.45","23,759.42","23,827.98","23,827.98"
2020/02/06,"23,641.10","23,995.37","23,625.13","23,873.59","23,873.59"
2020/02/05,"23,351.47","23,414.69","23,241.64","23,319.56","23,319.56"
2020/02/04,"22,881.13","23,118.13","22,854.45","23,084.59","23,084.59"
2020/02/03,"22,874.27","23,023.73","22,775.92","22,971.94","22,971.94"
2020/01/31,"23,148.92","23,421.59","23,139.98","23,205.18","23,205.18"
2020/01/30,"23,284.58","23,318.57","22,892.95","22,977.75","22,977.75"
2020/01/29,"23,309.32","23,392.61","23,214.28","23,379.40","23,379.40"
2020/01/28,"23,126.93","23,243.36","23,115.15","23,215.71","23,215.71"
2020/01/27,"23,427.90","23,463.89","23,317.32","23,343.51","23,343.51"
2020/01/24,"23,850.12","23,869.38","23,755.32","23,827.18","23,827.18"
2020/01/23,"23,843.51","23,910.01","23,779.23","23,795.44","23,795.44"
2020/01/22,"23,835.49","24,040.87","23,831.10","24,031.35","24,031.35"
2020/01/21,"24,072.81","24,081.75","23,843.48","23,864.56","23,864.56"
2020/01/20,"24,080.68","24,108.11","24,061.67","24,083.51","24,083.51"
2020/01/17,"24,103.45","24,115.95","24,013.75","24,041.26","24,041.26"
2020/01/16,"23,960.20","23,975.38","23,905.38","23,933.13","23,933.13"
2020/01/15,"23,923.48","23,997.39","23,875.82","23,916.58","23,916.58"
2020/01/14,"23,969.04","24,059.86","23,951.66","24,025.17","24,025.17"
2020/01/10,"23,813.28","23,903.29","23,761.08","23,850.57","23,850.57"
2020/01/09,"23,530.29","23,767.09","23,506.15","23,739.87","23,739.87"
2020/01/08,"23,217.49","23,303.21","22,951.18","23,204.76","23,204.76"
2020/01/07,"23,320.12","23,577.44","23,299.92","23,575.72","23,575.72"
2020/01/06,"23,319.76","23,365.36","23,148.53","23,204.86","23,204.86"
2019/12/30,"23,770.93","23,782.49","23,656.62","23,656.62","23,656.62"
2019/12/27,"23,953.75","23,967.18","23,837.72","23,837.72","23,837.72"
2019/12/26,"23,787.70","23,931.51","23,775.40","23,924.92","23,924.92"
2019/12/25,"23,813.59","23,824.85","23,782.87","23,782.87","23,782.87"
2019/12/24,"23,839.18","23,853.56","23,796.35","23,830.58","23,830.58"
2019/12/23,"23,921.29","23,923.09","23,810.82","23,821.11","23,821.11"
2019/12/20,"23,893.45","23,908.77","23,746.63","23,816.63","23,816.63"
2019/12/19,"23,911.46","23,945.53","23,835.29","23,864.85","23,864.85"
2019/12/18,"24,023.27","24,046.09","23,919.36","23,934.43","23,934.43"
2019/12/17,"24,091.12","24,091.12","23,996.51","24,066.12","24,066.12"
2019/12/16,"23,955.20","24,036.30","23,950.05","23,952.35","23,952.35"
2019/12/13,"23,810.56","24,050.04","23,775.73","24,023.10","24,023.10"
2019/12/12,"23,449.28","23,468.15","23,360.43","23,424.81","23,424.81"
2019/12/11,"23,421.14","23,438.43","23,333.63","23,391.86","23,391.86"
2019/12/10,"23,372.39","23,449.47","23,336.93","23,410.19","23,410.19"
2019/12/09,"23,544.31","23,544.31","23,360.01","23,430.70","23,430.70"
2019/12/06,"23,347.67","23,412.48","23,338.40","23,354.40","23,354.40"
2019/12/05,"23,292.70","23,363.44","23,259.82","23,300.09","23,300.09"
2019/12/04,"23,186.74","23,203.77","23,044.78","23,135.23","23,135.23"
2019/12/03,"23,231.14","23,388.18","23,186.84","23,379.81","23,379.81"
2019/12/02,"23,388.63","23,562.05","23,378.40","23,529.50","23,529.50"
2019/11/29,"23,497.44","23,498.77","23,273.37","23,293.91","23,293.91"
2019/11/28,"23,458.88","23,482.32","23,367.33","23,409.14","23,409.14"
2019/11/27,"23,452.85","23,507.82","23,418.23","23,437.77","23,437.77"
2019/11/26,"23,451.40","23,608.06","23,350.10","23,373.32","23,373.32"
2019/11/25,"23,292.85","23,347.18","23,255.39","23,292.81","23,292.81"
2019/11/22,"23,030.33","23,219.51","23,030.33","23,112.88","23,112.88"
2019/11/21,"23,071.49","23,108.08","22,726.71","23,038.58","23,038.58"
2019/11/20,"23,176.49","23,303.17","23,086.12","23,148.57","23,148.57"
2019/11/19,"23,366.36","23,389.53","23,244.93","23,292.65","23,292.65"
2019/11/18,"23,304.25","23,420.62","23,271.29","23,416.76","23,416.76"
2019/11/15,"23,160.53","23,340.77","23,121.59","23,303.32","23,303.32"
2019/11/14,"23,325.50","23,360.06","23,062.16","23,141.55","23,141.55"
2019/11/13,"23,439.25","23,452.63","23,270.93","23,319.87","23,319.87"
2019/11/12,"23,336.37","23,545.70","23,312.25","23,520.01","23,520.01"
2019/11/11,"23,422.13","23,471.82","23,323.02","23,331.84","23,331.84"
2019/11/08,"23,550.04","23,591.09","23,313.41","23,391.87","23,391.87"
2019/11/07,"23,283.14","23,336.00","23,253.32","23,330.32","23,330.32"
2019/11/06,"23,343.51","23,352.56","23,246.57","23,303.82","23,303.82"
2019/11/05,"23,118.79","23,328.52","23,090.94","23,251.99","23,251.99"
2019/11/01,"22,730.49","22,852.72","22,705.60","22,850.77","22,850.77"
2019/10/31,"22,910.10","22,988.80","22,875.50","22,927.04","22,927.04"
2019/10/30,"22,953.17","22,961.23","22,827.93","22,843.12","22,843.12"
2019/10/29,"22,950.79","23,008.43","22,935.35","22,974.13","22,974.13"
2019/10/28,"22,854.44","22,896.22","22,830.57","22,867.27","22,867.27"
2019/10/25,"22,753.24","22,819.92","22,715.13","22,799.81","22,799.81"
2019/10/24,"22,725.44","22,780.99","22,704.33","22,750.60","22,750.60"
2019/10/23,"22,619.77","22,648.81","22,457.89","22,625.38","22,625.38"
2019/10/21,"22,541.22","22,581.28","22,515.73","22,548.90","22,548.90"
2019/10/18,"22,528.56","22,649.85","22,466.26","22,492.68","22,492.68"
2019/10/17,"22,451.15","22,522.39","22,424.92","22,451.86","22,451.86"
2019/10/16,"22,479.57","22,615.47","22,434.35","22,472.92","22,472.92"
2019/10/15,"22,063.71","22,219.63","22,049.71","22,207.21","22,207.21"
2019/10/11,"21,749.93","21,820.77","21,658.27","21,798.87","21,798.87"
2019/10/10,"21,456.27","21,601.46","21,308.88","21,551.98","21,551.98"
2019/10/09,"21,359.84","21,467.77","21,359.84","21,456.38","21,456.38"
2019/10/08,"21,494.48","21,629.24","21,483.18","21,587.78","21,587.78"
2019/10/07,"21,445.73","21,475.28","21,328.26","21,375.25","21,375.25"
2019/10/04,"21,316.18","21,410.20","21,276.01","21,410.20","21,410.20"
2019/10/03,"21,422.22","21,437.74","21,277.36","21,341.74","21,341.74"
2019/10/02,"21,744.62","21,795.01","21,725.23","21,778.61","21,778.61"
2019/10/01,"21,831.44","21,938.77","21,811.98","21,885.24","21,885.24"
2019/09/30,"21,793.83","21,811.98","21,666.60","21,755.84","21,755.84"
2019/09/27,"21,934.93","21,955.79","21,733.69","21,878.90","21,878.90"
2019/09/26,"22,160.52","22,184.91","21,986.24","22,048.24","22,048.24"
2019/09/25,"21,961.82","22,036.48","21,906.00","22,020.15","22,020.15"
2019/09/24,"22,095.35","22,168.74","22,077.94","22,098.84","22,098.84"
2019/09/20,"22,130.74","22,204.75","22,047.90","22,079.09","22,079.09"
2019/09/19,"22,064.46","22,255.56","22,003.30","22,044.45","22,044.45"
2019/09/18,"22,014.65","22,027.86","21,942.03","21,960.71","21,960.71"
2019/09/17,"21,947.59","22,041.08","21,878.63","22,001.32","22,001.32"
2019/09/13,"21,907.83","22,019.66","21,820.94","21,988.29","21,988.29"
2019/09/12,"21,761.09","21,825.92","21,743.96","21,759.61","21,759.61"
2019/09/11,"21,466.66","21,619.21","21,437.82","21,597.76","21,597.76"
2019/09/10,"21,363.57","21,438.35","21,350.35","21,392.10","21,392.10"
2019/09/09,"21,214.56","21,333.51","21,182.26","21,318.42","21,318.42"
2019/09/06,"21,201.83","21,241.29","21,145.81","21,199.57","21,199.57"
2019/09/05,"20,800.29","21,164.61","20,787.93","21,085.94","21,085.94"
2019/09/04,"20,578.67","20,694.35","20,554.16","20,649.14","20,649.14"
2019/09/03,"20,581.58","20,662.23","20,578.02","20,625.16","20,625.16"
2019/09/02,"20,625.75","20,667.56","20,614.29","20,620.19","20,620.19"
2019/08/30,"20,641.49","20,748.35","20,633.30","20,704.37","20,704.37"
2019/08/29,"20,500.50","20,520.68","20,361.12","20,460.93","20,460.93"
2019/08/28,"20,474.31","20,511.21","20,433.31","20,479.42","20,479.42"
2019/08/27,"20,467.22","20,529.94","20,439.92","20,456.08","20,456.08"
2019/08/26,"20,325.44","20,329.01","20,173.76","20,261.04","20,261.04"
2019/08/23,"20,579.98","20,719.31","20,579.98","20,710.91","20,710.91"
2019/08/22,"20,706.07","20,731.19","20,584.29","20,628.01","20,628.01"
2019/08/21,"20,489.97","20,626.05","20,482.62","20,618.57","20,618.57"
2019/08/20,"20,605.35","20,684.06","20,582.01","20,677.22","20,677.22"
2019/08/19,"20,590.47","20,633.90","20,502.66","20,563.16","20,563.16"
2019/08/16,"20,323.97","20,465.71","20,300.35","20,418.81","20,418.81"
2019/08/15,"20,324.25","20,419.88","20,184.85","20,405.65","20,405.65"
2019/08/14,"20,669.99","20,697.42","20,581.17","20,655.13","20,655.13"
2019/08/13,"20,432.68","20,503.38","20,369.27","20,455.44","20,455.44"
2019/08/09,"20,758.15","20,782.06","20,676.92","20,684.82","20,684.82"
2019/08/08,"20,529.29","20,682.24","20,462.98","20,593.35","20,593.35"
2019/08/07,"20,548.07","20,570.19","20,406.52","20,516.56","20,516.56"
2019/08/06,"20,325.52","20,607.83","20,110.76","20,585.31","20,585.31"
2019/08/05,"20,909.98","20,941.83","20,514.19","20,720.29","20,720.29"
2019/08/02,"21,211.06","21,211.06","20,960.09","21,087.16","21,087.16"
2019/08/01,"21,361.58","21,556.69","21,288.90","21,540.99","21,540.99"
2019/07/31,"21,526.38","21,589.11","21,476.07","21,521.53","21,521.53"
2019/07/30,"21,681.82","21,792.98","21,665.86","21,709.31","21,709.31"
2019/07/29,"21,627.55","21,652.95","21,518.70","21,616.80","21,616.80"
2019/07/26,"21,700.20","21,709.74","21,590.66","21,658.15","21,658.15"
2019/07/25,"21,715.95","21,823.07","21,715.69","21,756.55","21,756.55"
2019/07/24,"21,726.98","21,744.88","21,677.71","21,709.57","21,709.57"
2019/07/23,"21,425.44","21,686.53","21,411.93","21,620.88","21,620.88"
2019/07/22,"21,394.75","21,445.03","21,317.85","21,416.79","21,416.79"
2019/07/19,"21,146.50","21,474.30","21,121.90","21,466.99","21,466.99"
2019/07/18,"21,336.80","21,347.84","20,993.44","21,046.24","21,046.24"
2019/07/17,"21,474.63","21,488.27","21,380.55","21,469.18","21,469.18"
2019/07/16,"21,644.38","21,655.52","21,514.89","21,535.25","21,535.25"
2019/07/12,"21,720.14","21,720.14","21,589.83","21,685.90","21,685.90"
2019/07/11,"21,547.19","21,649.93","21,532.57","21,643.53","21,643.53"
2019/07/10,"21,499.46","21,601.86","21,488.22","21,533.48","21,533.48"
2019/07/09,"21,598.15","21,687.29","21,508.22","21,565.15","21,565.15"
2019/07/08,"21,665.79","21,672.65","21,499.57","21,534.35","21,534.35"
2019/07/05,"21,703.61","21,746.38","21,647.73","21,746.38","21,746.38"
2019/07/04,"21,740.93","21,755.63","21,672.50","21,702.45","21,702.45"
2019/07/03,"21,684.07","21,708.72","21,566.65","21,638.16","21,638.16"
2019/07/02,"21,699.43","21,784.22","21,697.31","21,754.27","21,754.27"
2019/07/01,"21,566.27","21,758.34","21,559.17","21,729.97","21,729.97"
2019/06/28,"21,282.22","21,324.93","21,199.85","21,275.92","21,275.92"
2019/06/27,"21,156.88","21,338.17","21,123.97","21,338.17","21,338.17"
2019/06/26,"21,067.68","21,129.64","21,035.84","21,086.59","21,086.59"
2019/06/25,"21,238.07","21,313.77","21,114.47","21,193.81","21,193.81"
2019/06/24,"21,223.56","21,317.86","21,185.67","21,285.99","21,285.99"
2019/06/21,"21,487.67","21,497.82","21,221.70","21,258.64","21,258.64"
2019/06/20,"21,417.74","21,491.39","21,377.27","21,462.86","21,462.86"
2019/06/19,"21,223.17","21,358.72","21,213.43","21,333.87","21,333.87"
2019/06/18,"21,111.77","21,153.65","20,924.19","20,972.71","20,972.71"
2019/06/17,"21,094.96","21,185.25","21,044.62","21,124.00","21,124.00"
2019/06/14,"21,049.41","21,119.73","20,971.18","21,116.89","21,116.89"
2019/06/13,"21,040.91","21,111.23","20,932.13","21,032.00","21,032.00"
2019/06/12,"21,130.39","21,259.70","21,118.75","21,129.72","21,129.72"
2019/06/11,"21,099.54","21,227.18","21,066.62","21,204.28","21,204.28"
2019/06/10,"21,095.40","21,166.12","21,077.95","21,134.42","21,134.42"
2019/06/07,"20,859.78","20,907.77","20,816.58","20,884.71","20,884.71"
2019/06/06,"20,745.84","20,842.28","20,745.84","20,774.04","20,774.04"
2019/06/05,"20,667.89","20,800.64","20,646.15","20,776.10","20,776.10"
2019/06/04,"20,435.86","20,464.57","20,289.64","20,408.54","20,408.54"
2019/06/03,"20,327.87","20,438.03","20,305.74","20,410.88","20,410.88"
2019/05/31,"20,785.21","20,823.10","20,581.58","20,601.19","20,601.19"
2019/05/30,"20,881.50","20,942.53","20,809.29","20,942.53","20,942.53"
2019/05/29,"21,055.42","21,071.73","20,884.61","21,003.37","21,003.37"
2019/05/28,"21,187.17","21,297.70","21,177.27","21,260.14","21,260.14"
2019/05/27,"21,148.46","21,232.38","21,113.76","21,182.58","21,182.58"
2019/05/24,"20,980.79","21,117.22","20,922.00","21,117.22","21,117.22"
2019/05/23,"21,180.24","21,209.56","21,072.72","21,151.14","21,151.14"
2019/05/22,"21,373.52","21,404.54","21,266.98","21,283.37","21,283.37"
2019/05/21,"21,211.26","21,318.80","21,160.43","21,272.45","21,272.45"
2019/05/20,"21,305.97","21,430.06","21,282.65","21,301.73","21,301.73"
2019/05/17,"21,246.86","21,398.85","21,199.98","21,250.09","21,250.09"
2019/05/16,"21,153.20","21,153.20","20,951.67","21,062.98","21,062.98"
2019/05/15,"21,112.85","21,191.53","20,968.08","21,188.56","21,188.56"
2019/05/14,"20,870.77","21,077.48","20,751.45","21,067.23","21,067.23"
2019/05/13,"21,180.74","21,277.66","21,127.93","21,191.28","21,191.28"
2019/05/10,"21,431.81","21,584.09","21,175.33","21,344.92","21,344.92"
2019/05/09,"21,492.91","21,559.76","21,315.07","21,402.13","21,402.13"
2019/05/08,"21,628.04","21,639.12","21,514.85","21,602.59","21,602.59"
2019/05/07,"22,184.40","22,190.49","21,875.11","21,923.72","21,923.72"
2019/04/26,"22,167.48","22,270.29","22,073.10","22,258.73","22,258.73"
2019/04/25,"22,183.32","22,334.69","22,155.23","22,307.58","22,307.58"
2019/04/24,"22,356.83","22,362.92","22,125.48","22,200.00","22,200.00"
2019/04/23,"22,241.74","22,268.37","22,119.94","22,259.74","22,259.74"
2019/04/22,"22,188.62","22,280.19","22,099.38","22,217.90","22,217.90"
2019/04/19,"22,238.07","22,250.37","22,162.23","22,200.56","22,200.56"
2019/04/18,"22,274.13","22,305.63","22,058.39","22,090.12","22,090.12"
2019/04/17,"22,236.41","22,345.19","22,185.87","22,277.97","22,277.97"
2019/04/16,"22,108.15","22,261.33","22,095.32","22,221.66","22,221.66"
2019/04/15,"22,122.97","22,211.03","22,102.93","22,169.11","22,169.11"
2019/04/12,"21,782.35","21,878.78","21,698.71","21,870.56","21,870.56"
2019/04/11,"21,662.65","21,721.42","21,627.87","21,711.38","21,711.38"
2019/04/10,"21,579.68","21,687.57","21,571.67","21,687.57","21,687.57"
2019/04/09,"21,750.29","21,811.88","21,698.42","21,802.59","21,802.59"
2019/04/08,"21,900.55","21,900.55","21,740.53","21,761.65","21,761.65"
2019/04/05,"21,743.14","21,839.18","21,731.34","21,807.50","21,807.50"
2019/04/04,"21,724.69","21,787.60","21,662.90","21,724.95","21,724.95"
2019/04/03,"21,563.64","21,722.72","21,489.95","21,713.21","21,713.21"
2019/04/02,"21,744.64","21,744.64","21,490.56","21,505.31","21,505.31"
2019/04/01,"21,500.89","21,682.94","21,471.12","21,509.03","21,509.03"
2019/03/29,"21,228.51","21,267.25","21,149.42","21,205.81","21,205.81"
2019/03/28,"21,191.32","21,191.32","20,974.19","21,033.76","21,033.76"
2019/03/27,"21,353.61","21,388.59","21,242.52","21,378.73","21,378.73"
2019/03/26,"21,174.34","21,460.99","21,174.34","21,428.39","21,428.39"
2019/03/25,"21,267.41","21,275.43","20,911.57","20,977.11","20,977.11"
2019/03/22,"21,713.26","21,713.26","21,542.03","21,627.34","21,627.34"
2019/03/20,"21,548.65","21,614.17","21,499.16","21,608.92","21,608.92"
2019/03/19,"21,558.43","21,585.55","21,425.79","21,566.85","21,566.85"
2019/03/18,"21,576.36","21,612.67","21,500.32","21,584.50","21,584.50"
2019/03/15,"21,376.73","21,521.68","21,374.85","21,450.85","21,450.85"
2019/03/14,"21,474.58","21,522.75","21,287.02","21,287.02","21,287.02"
2019/03/13,"21,425.77","21,474.17","21,198.99","21,290.24","21,290.24"
2019/03/12,"21,361.61","21,568.48","21,348.81","21,503.69","21,503.69"
2019/03/11,"21,062.75","21,145.94","20,938.00","21,125.09","21,125.09"
2019/03/08,"21,339.17","21,359.32","20,993.07","21,025.56","21,025.56"
2019/03/07,"21,456.88","21,472.16","21,402.12","21,456.01","21,456.01"
2019/03/06,"21,659.03","21,684.60","21,550.45","21,596.81","21,596.81"
2019/03/05,"21,712.80","21,798.38","21,659.04","21,726.28","21,726.28"
2019/03/04,"21,812.81","21,860.39","21,740.92","21,822.04","21,822.04"
2019/03/01,"21,490.02","21,641.58","21,490.02","21,602.69","21,602.69"
2019/02/28,"21,536.55","21,536.55","21,364.09","21,385.16","21,385.16"
2019/02/27,"21,504.61","21,578.81","21,492.65","21,556.51","21,556.51"
2019/02/26,"21,556.02","21,610.88","21,405.84","21,449.39","21,449.39"
2019/02/25,"21,567.66","21,590.03","21,505.07","21,528.23","21,528.23"
2019/02/22,"21,376.36","21,451.23","21,348.67","21,425.51","21,425.51"
2019/02/21,"21,422.31","21,553.35","21,318.74","21,464.23","21,464.23"
2019/02/20,"21,346.04","21,494.85","21,315.39","21,431.49","21,431.49"
2019/02/19,"21,256.58","21,344.17","21,217.16","21,302.65","21,302.65"
2019/02/18,"21,217.32","21,306.36","21,189.97","21,281.85","21,281.85"
2019/02/15,"21,051.51","21,051.51","20,853.33","20,900.63","20,900.63"
2019/02/14,"21,147.89","21,235.62","21,102.16","21,139.71","21,139.71"
2019/02/13,"21,029.93","21,213.74","20,992.88","21,144.48","21,144.48"
2019/02/12,"20,442.55","20,885.88","20,428.57","20,864.21","20,864.21"
2019/02/08,"20,510.50","20,562.39","20,315.31","20,333.17","20,333.17"
2019/02/07,"20,812.22","20,844.77","20,665.51","20,751.28","20,751.28"
2019/02/06,"20,928.87","20,971.66","20,860.99","20,874.06","20,874.06"
2019/02/05,"20,960.47","20,981.23","20,823.18","20,844.45","20,844.45"
2019/02/04,"20,831.90","20,922.58","20,823.68","20,883.77","20,883.77"
2019/02/01,"20,797.03","20,929.63","20,741.98","20,788.39","20,788.39"
2019/01/31,"20,832.91","20,869.42","20,682.91","20,773.49","20,773.49"
2019/01/30,"20,701.62","20,706.27","20,527.53","20,556.54","20,556.54"
2019/01/29,"20,555.44","20,673.66","20,406.22","20,664.64","20,664.64"
2019/01/28,"20,746.29","20,759.48","20,624.55","20,649.00","20,649.00"
2019/01/25,"20,598.64","20,844.31","20,598.64","20,773.56","20,773.56"
2019/01/24,"20,506.24","20,620.72","20,467.59","20,574.63","20,574.63"
2019/01/23,"20,453.44","20,686.29","20,438.22","20,593.72","20,593.72"
2019/01/22,"20,770.06","20,805.93","20,558.30","20,622.91","20,622.91"
2019/01/21,"20,848.38","20,892.68","20,678.26","20,719.33","20,719.33"
2019/01/18,"20,472.81","20,682.12","20,454.13","20,666.07","20,666.07"
2019/01/17,"20,544.23","20,571.75","20,342.46","20,402.27","20,402.27"
2019/01/16,"20,575.72","20,580.25","20,323.32","20,442.75","20,442.75"
2019/01/15,"20,264.82","20,571.28","20,204.43","20,555.29","20,555.29"
2019/01/11,"20,296.45","20,389.89","20,294.74","20,359.70","20,359.70"
2019/01/10,"20,270.88","20,345.92","20,101.93","20,163.80","20,163.80"
2019/01/09,"20,366.30","20,494.35","20,331.20","20,427.06","20,427.06"
2019/01/08,"20,224.67","20,347.92","20,106.36","20,204.04","20,204.04"
2019/01/07,"19,944.61","20,266.22","19,920.80","20,038.97","20,038.97"
2019/01/04,"19,655.13","19,692.58","19,241.37","19,561.96","19,561.96"
2018/12/28,"19,957.88","20,084.38","19,900.04","20,014.77","20,014.77"
2018/12/27,"19,706.19","20,211.57","19,701.76","20,077.62","20,077.62"
2018/12/26,"19,302.59","19,530.35","18,948.58","19,327.06","19,327.06"
2018/12/25,"19,785.43","19,785.43","19,117.96","19,155.74","19,155.74"
2018/12/21,"20,310.50","20,334.73","20,006.67","20,166.19","20,166.19"
2018/12/20,"20,779.93","20,841.34","20,282.93","20,392.58","20,392.58"
2018/12/19,"21,107.17","21,168.62","20,880.73","20,987.92","20,987.92"
2018/12/18,"21,275.51","21,330.36","21,101.44","21,115.45","21,115.45"
2018/12/17,"21,391.73","21,563.27","21,363.67","21,506.88","21,506.88"
2018/12/14,"21,638.96","21,751.31","21,353.94","21,374.83","21,374.83"
2018/12/13,"21,755.13","21,871.34","21,675.66","21,816.19","21,816.19"
2018/12/12,"21,348.40","21,631.47","21,320.72","21,602.75","21,602.75"
2018/12/11,"21,273.04","21,279.02","21,062.31","21,148.02","21,148.02"
2018/12/10,"21,319.47","21,365.78","21,169.96","21,219.50","21,219.50"
2018/12/07,"21,643.75","21,734.94","21,506.45","21,678.68","21,678.68"
2018/12/06,"21,766.50","21,805.02","21,307.72","21,501.62","21,501.62"
2018/12/05,"21,755.17","21,979.18","21,708.82","21,919.33","21,919.33"
2018/12/04,"22,533.97","22,576.62","22,033.41","22,036.05","22,036.05"
2018/12/03,"22,629.39","22,698.79","22,550.29","22,574.76","22,574.76"
2018/11/30,"22,274.97","22,362.20","22,231.96","22,351.06","22,351.06"
2018/11/29,"22,360.98","22,437.95","22,241.17","22,262.60","22,262.60"
2018/11/28,"22,036.72","22,216.98","22,032.72","22,177.02","22,177.02"
2018/11/27,"21,967.98","22,006.83","21,816.05","21,952.40","21,952.40"
2018/11/26,"21,647.69","21,838.10","21,622.60","21,812.00","21,812.00"
2018/11/22,"21,582.47","21,684.64","21,484.98","21,646.55","21,646.55"
2018/11/21,"21,286.81","21,555.61","21,243.38","21,507.54","21,507.54"
2018/11/20,"21,582.69","21,687.12","21,526.95","21,583.12","21,583.12"
2018/11/19,"21,679.03","21,852.92","21,665.29","21,821.16","21,821.16"
2018/11/16,"21,804.90","21,873.74","21,663.99","21,680.34","21,680.34"
2018/11/15,"21,670.35","21,818.73","21,613.53","21,803.62","21,803.62"
2018/11/14,"21,851.13","21,990.41","21,764.88","21,846.48","21,846.48"
2018/11/13,"21,885.24","21,892.29","21,484.65","21,810.52","21,810.52"
2018/11/12,"22,121.70","22,324.01","22,046.29","22,269.88","22,269.88"
2018/11/09,"22,471.31","22,494.58","22,226.01","22,250.25","22,250.25"
2018/11/08,"22,446.01","22,583.43","22,421.00","22,486.92","22,486.92"
2018/11/07,"22,189.74","22,444.65","21,996.94","22,085.80","22,085.80"
2018/11/06,"22,018.87","22,160.83","21,994.28","22,147.75","22,147.75"
2018/11/05,"22,002.47","22,051.65","21,865.98","21,898.99","21,898.99"
2018/11/02,"21,761.58","22,308.42","21,751.33","22,243.66","22,243.66"
2018/11/01,"21,906.41","21,906.41","21,628.45","21,687.65","21,687.65"
2018/10/31,"21,569.56","21,920.46","21,530.39","21,920.46","21,920.46"
2018/10/30,"21,049.52","21,568.40","21,035.88","21,457.29","21,457.29"
2018/10/29,"21,323.61","21,465.99","21,109.97","21,149.80","21,149.80"
2018/10/26,"21,440.84","21,476.66","20,971.93","21,184.60","21,184.60"
2018/10/25,"21,676.83","21,703.21","21,204.40","21,268.73","21,268.73"
2018/10/24,"22,167.76","22,207.09","21,911.42","22,091.18","22,091.18"
2018/10/23,"22,404.14","22,410.15","21,993.07","22,010.78","22,010.78"
2018/10/22,"22,374.21","22,672.25","22,271.59","22,614.82","22,614.82"
2018/10/19,"22,342.00","22,551.67","22,212.57","22,532.08","22,532.08"
2018/10/18,"22,871.28","22,873.13","22,637.29","22,658.16","22,658.16"
2018/10/17,"22,806.59","22,959.41","22,765.58","22,841.12","22,841.12"
2018/10/16,"22,298.20","22,549.24","22,269.53","22,549.24","22,549.24"
2018/10/15,"22,501.33","22,520.59","22,261.92","22,271.30","22,271.30"
2018/10/12,"22,323.43","22,711.13","22,323.43","22,694.66","22,694.66"
2018/10/11,"23,043.37","23,051.19","22,459.02","22,590.86","22,590.86"
2018/10/10,"23,538.92","23,589.38","23,373.54","23,506.04","23,506.04"
2018/10/09,"23,550.47","23,587.05","23,442.46","23,469.39","23,469.39"
2018/10/05,"23,781.76","23,928.62","23,730.19","23,783.72","23,783.72"
2018/10/04,"24,242.06","24,247.82","23,923.26","23,975.62","23,975.62"
2018/10/03,"24,219.19","24,260.63","24,030.59","24,110.96","24,110.96"
2018/10/02,"24,376.17","24,448.07","24,217.26","24,270.62","24,270.62"
2018/10/01,"24,173.37","24,306.54","24,123.50","24,245.76","24,245.76"
2018/09/28,"24,080.01","24,286.10","24,021.27","24,120.04","24,120.04"
2018/09/27,"23,946.43","24,089.32","23,778.04","23,796.74","23,796.74"
2018/09/26,"23,846.60","24,033.79","23,833.92","24,033.79","24,033.79"
2018/09/25,"23,881.85","23,950.98","23,808.95","23,940.26","23,940.26"
2018/09/21,"23,848.63","23,971.41","23,764.05","23,869.93","23,869.93"
2018/09/20,"23,752.79","23,781.75","23,582.15","23,674.93","23,674.93"
2018/09/19,"23,754.96","23,842.05","23,672.52","23,672.52","23,672.52"
2018/09/18,"23,042.19","23,481.53","23,039.26","23,420.54","23,420.54"
2018/09/14,"23,035.78","23,105.28","22,965.48","23,094.67","23,094.67"
2018/09/13,"22,657.95","22,858.41","22,643.88","22,821.32","22,821.32"
2018/09/12,"22,702.71","22,709.37","22,522.17","22,604.61","22,604.61"
2018/09/11,"22,469.78","22,667.85","22,457.10","22,664.69","22,664.69"
2018/09/10,"22,253.65","22,396.88","22,249.61","22,373.09","22,373.09"
2018/09/07,"22,351.84","22,372.89","22,172.90","22,307.06","22,307.06"
2018/09/06,"22,458.97","22,535.34","22,416.63","22,487.94","22,487.94"
2018/09/05,"22,663.80","22,692.25","22,570.52","22,580.83","22,580.83"
2018/09/04,"22,740.05","22,753.18","22,612.15","22,696.90","22,696.90"
2018/09/03,"22,819.17","22,820.48","22,684.43","22,707.38","22,707.38"
2018/08/31,"22,733.25","22,890.61","22,678.03","22,865.15","22,865.15"
2018/08/30,"23,020.18","23,032.17","22,832.83","22,869.50","22,869.50"
2018/08/29,"22,820.86","22,968.18","22,819.97","22,848.22","22,848.22"
2018/08/28,"22,967.74","23,006.77","22,813.47","22,813.47","22,813.47"
2018/08/27,"22,693.69","22,838.06","22,682.39","22,799.64","22,799.64"
2018/08/24,"22,484.01","22,602.24","22,452.42","22,601.77","22,601.77"
2018/08/23,"22,420.67","22,463.03","22,377.88","22,410.82","22,410.82"
2018/08/22,"22,270.04","22,390.20","22,162.81","22,362.55","22,362.55"
2018/08/21,"22,110.54","22,306.83","22,053.14","22,219.73","22,219.73"
2018/08/20,"22,267.07","22,288.31","22,150.75","22,199.00","22,199.00"
2018/08/17,"22,313.19","22,340.95","22,244.10","22,270.38","22,270.38"
2018/08/16,"21,980.82","22,240.42","21,871.70","22,192.04","22,192.04"
2018/08/15,"22,368.12","22,380.28","22,110.29","22,204.22","22,204.22"
2018/08/14,"22,053.07","22,356.08","22,047.19","22,356.08","22,356.08"
2018/08/13,"22,117.57","22,124.60","21,851.32","21,857.43","21,857.43"
2018/08/10,"22,606.91","22,608.86","22,272.69","22,298.08","22,298.08"
2018/08/09,"22,591.54","22,648.88","22,497.99","22,598.39","22,598.39"
2018/08/08,"22,666.56","22,800.61","22,610.29","22,644.31","22,644.31"
2018/08/07,"22,514.31","22,666.68","22,499.05","22,662.74","22,662.74"
2018/08/06,"22,536.05","22,635.68","22,486.74","22,507.32","22,507.32"
2018/08/03,"22,585.54","22,613.50","22,490.57","22,525.18","22,525.18"
2018/08/02,"22,676.73","22,754.73","22,464.81","22,512.53","22,512.53"
2018/08/01,"22,642.18","22,775.47","22,615.98","22,746.70","22,746.70"
2018/07/31,"22,472.12","22,678.06","22,352.21","22,553.72","22,553.72"
2018/07/30,"22,613.30","22,631.32","22,518.94","22,544.84","22,544.84"
2018/07/27,"22,646.48","22,712.75","22,593.20","22,712.75","22,712.75"
2018/07/26,"22,711.59","22,717.15","22,549.77","22,586.87","22,586.87"
2018/07/25,"22,594.28","22,645.66","22,547.14","22,614.25","22,614.25"
2018/07/24,"22,555.05","22,555.05","22,416.23","22,510.48","22,510.48"
2018/07/23,"22,480.33","22,507.17","22,341.87","22,396.99","22,396.99"
2018/07/20,"22,734.56","22,869.98","22,541.35","22,697.88","22,697.88"
2018/07/19,"22,871.62","22,926.47","22,761.87","22,764.68","22,764.68"
2018/07/18,"22,917.52","22,949.32","22,794.19","22,794.19","22,794.19"
2018/07/17,"22,605.73","22,832.22","22,575.42","22,697.36","22,697.36"
2018/07/13,"22,397.62","22,692.86","22,316.52","22,597.35","22,597.35"
2018/07/12,"22,036.87","22,233.52","22,019.19","22,187.96","22,187.96"
2018/07/11,"22,002.14","22,044.62","21,744.25","21,932.21","21,932.21"
2018/07/10,"22,215.34","22,321.60","22,196.89","22,196.89","22,196.89"
2018/07/09,"21,838.53","22,105.95","21,825.76","22,052.18","22,052.18"
2018/07/06,"21,647.66","21,866.16","21,642.96","21,788.14","21,788.14"
2018/07/05,"21,697.44","21,751.50","21,462.95","21,546.99","21,546.99"
2018/07/04,"21,679.00","21,784.00","21,604.18","21,717.04","21,717.04"
2018/07/03,"21,889.06","21,927.81","21,574.56","21,785.54","21,785.54"
2018/07/02,"22,233.80","22,312.25","21,784.48","21,811.93","21,811.93"
2018/06/29,"22,314.47","22,332.82","22,145.48","22,304.51","22,304.51"
2018/06/28,"22,195.19","22,299.39","22,038.40","22,270.39","22,270.39"
2018/06/27,"22,320.88","22,356.54","22,205.34","22,271.77","22,271.77"
2018/06/26,"22,160.33","22,368.78","22,104.12","22,342.00","22,342.00"
2018/06/25,"22,543.56","22,556.55","22,312.79","22,338.15","22,338.15"
2018/06/22,"22,456.45","22,535.65","22,414.18","22,516.83","22,516.83"
2018/06/21,"22,523.28","22,782.01","22,491.08","22,693.04","22,693.04"
2018/06/20,"22,338.53","22,581.40","22,167.16","22,555.43","22,555.43"
2018/06/19,"22,565.92","22,618.52","22,278.48","22,278.48","22,278.48"
2018/06/18,"22,806.57","22,806.89","22,601.13","22,680.33","22,680.33"
2018/06/15,"22,883.24","22,885.84","22,770.38","22,851.75","22,851.75"
2018/06/14,"22,842.96","22,898.39","22,738.61","22,738.61","22,738.61"
2018/06/13,"22,896.17","22,993.26","22,895.31","22,966.38","22,966.38"
2018/06/12,"22,977.22","23,011.57","22,797.73","22,878.35","22,878.35"
2018/06/11,"22,686.95","22,856.08","22,667.30","22,804.04","22,804.04"
2018/06/08,"22,799.38","22,879.00","22,694.50","22,694.50","22,694.50"
2018/06/07,"22,748.72","22,856.37","22,732.18","22,823.26","22,823.26"
2018/06/06,"22,520.31","22,662.82","22,498.59","22,625.73","22,625.73"
2018/06/05,"22,552.17","22,602.13","22,470.04","22,539.54","22,539.54"
2018/06/04,"22,365.09","22,515.72","22,355.83","22,475.94","22,475.94"
2018/06/01,"22,126.25","22,316.91","22,098.04","22,171.35","22,171.35"
2018/05/31,"22,163.40","22,254.42","22,098.00","22,201.82","22,201.82"
2018/05/30,"22,051.97","22,079.23","21,931.65","22,018.52","22,018.52"
2018/05/29,"22,431.95","22,439.10","22,240.39","22,358.43","22,358.43"
2018/05/28,"22,488.95","22,547.67","22,410.91","22,481.09","22,481.09"
2018/05/25,"22,380.22","22,509.36","22,318.15","22,450.79","22,450.79"
2018/05/24,"22,621.29","22,644.69","22,366.60","22,437.01","22,437.01"
2018/05/23,"22,868.79","22,949.73","22,649.85","22,689.74","22,689.74"
2018/05/22,"23,025.95","23,031.67","22,952.87","22,960.34","22,960.34"
2018/05/21,"22,937.58","23,050.39","22,935.31","23,002.37","23,002.37"
2018/05/18,"22,907.20","22,954.19","22,867.30","22,930.36","22,930.36"
2018/05/17,"22,820.62","22,887.03","22,799.16","22,838.37","22,838.37"
2018/05/16,"22,730.12","22,796.14","22,695.84","22,717.23","22,717.23"
2018/05/15,"22,889.47","22,912.06","22,805.72","22,818.02","22,818.02"
2018/05/14,"22,705.30","22,894.76","22,683.64","22,865.86","22,865.86"
2018/05/11,"22,573.95","22,769.16","22,545.47","22,758.48","22,758.48"
2018/05/10,"22,482.51","22,530.64","22,418.75","22,497.18","22,497.18"
2018/05/09,"22,463.01","22,478.64","22,364.75","22,408.88","22,408.88"
2018/05/08,"22,440.65","22,566.68","22,423.23","22,508.69","22,508.69"
2018/05/07,"22,513.22","22,513.48","22,350.91","22,467.16","22,467.16"
2018/05/02,"22,568.19","22,568.19","22,426.55","22,472.78","22,472.78"
2018/05/01,"22,453.42","22,519.45","22,411.43","22,508.03","22,508.03"
2018/04/27,"22,466.66","22,495.56","22,357.53","22,467.87","22,467.87"
2018/04/26,"22,278.77","22,381.66","22,265.20","22,319.61","22,319.61"
2018/04/25,"22,118.62","22,228.78","22,080.76","22,215.32","22,215.32"
2018/04/24,"22,228.82","22,304.69","22,149.59","22,278.12","22,278.12"
2018/04/23,"22,157.88","22,204.86","22,065.52","22,088.04","22,088.04"
2018/04/20,"22,148.22","22,261.35","22,076.63","22,162.24","22,162.24"
2018/04/19,"22,231.86","22,360.65","22,176.86","22,191.18","22,191.18"
2018/04/18,"21,929.01","22,194.11","21,914.96","22,158.20","22,158.20"
2018/04/17,"21,801.83","21,889.89","21,772.42","21,847.59","21,847.59"
2018/04/16,"21,843.55","21,879.69","21,775.61","21,835.53","21,835.53"
2018/04/13,"21,801.41","21,917.35","21,746.69","21,778.74","21,778.74"
2018/04/12,"21,657.87","21,719.43","21,591.39","21,660.28","21,660.28"
2018/04/11,"21,819.09","21,837.36","21,687.10","21,687.10","21,687.10"
2018/04/10,"21,599.67","21,933.99","21,542.37","21,794.32","21,794.32"
2018/04/09,"21,534.33","21,737.09","21,517.77","21,678.26","21,678.26"
2018/04/06,"21,633.73","21,742.84","21,550.42","21,567.52","21,567.52"
2018/04/05,"21,541.18","21,737.66","21,462.10","21,645.42","21,645.42"
2018/04/04,"21,415.85","21,415.85","21,238.18","21,319.55","21,319.55"
2018/04/03,"21,115.48","21,333.50","21,056.02","21,292.29","21,292.29"
2018/04/02,"21,441.57","21,597.47","21,388.58","21,388.58","21,388.58"
2018/03/30,"21,392.42","21,512.80","21,311.50","21,454.30","21,454.30"
2018/03/29,"21,250.96","21,298.57","20,996.22","21,159.08","21,159.08"
2018/03/28,"20,893.05","21,031.31","20,776.82","21,031.31","21,031.31"
2018/03/27,"20,958.90","21,317.32","20,943.31","21,317.32","21,317.32"
2018/03/26,"20,423.37","20,766.10","20,347.49","20,766.10","20,766.10"
2018/03/23,"21,188.80","21,188.80","20,559.61","20,617.86","20,617.86"
2018/03/22,"21,352.16","21,592.00","21,349.71","21,591.99","21,591.99"
2018/03/20,"21,297.98","21,384.86","21,223.97","21,380.97","21,380.97"
2018/03/19,"21,537.90","21,659.04","21,366.88","21,480.90","21,480.90"
2018/03/16,"21,876.53","21,879.28","21,632.85","21,676.51","21,676.51"
2018/03/15,"21,704.14","21,825.97","21,555.49","21,803.95","21,803.95"
2018/03/14,"21,764.99","21,881.09","21,684.02","21,777.29","21,777.29"
2018/03/13,"21,742.45","21,968.10","21,700.78","21,968.10","21,968.10"
2018/03/12,"21,826.10","21,971.16","21,689.97","21,824.03","21,824.03"
2018/03/09,"21,594.22","21,884.45","21,357.55","21,469.20","21,469.20"
2018/03/08,"21,488.16","21,488.16","21,299.40","21,368.07","21,368.07"
2018/03/07,"21,261.96","21,484.08","21,201.94","21,252.72","21,252.72"
2018/03/06,"21,390.20","21,551.14","21,381.42","21,417.76","21,417.76"
2018/03/05,"21,047.81","21,164.38","20,937.26","21,042.09","21,042.09"
2018/03/02,"21,339.98","21,366.09","21,088.96","21,181.64","21,181.64"
2018/03/01,"21,901.13","21,901.13","21,645.22","21,724.47","21,724.47"
2018/02/28,"22,292.53","22,380.28","22,068.24","22,068.24","22,068.24"
2018/02/27,"22,391.67","22,502.05","22,325.07","22,389.86","22,389.86"
2018/02/26,"22,134.64","22,226.53","22,040.87","22,153.63","22,153.63"
2018/02/23,"21,789.72","21,903.39","21,741.63","21,892.78","21,892.78"
2018/02/22,"21,789.88","21,799.40","21,626.85","21,736.44","21,736.44"
2018/02/21,"21,942.42","22,130.58","21,836.73","21,970.81","21,970.81"
2018/02/20,"22,054.32","22,063.87","21,831.45","21,925.10","21,925.10"
2018/02/19,"21,903.66","22,152.85","21,858.33","22,149.21","22,149.21"
2018/02/16,"21,555.99","21,866.37","21,499.88","21,720.25","21,720.25"
2018/02/15,"21,384.10","21,578.99","21,308.92","21,464.98","21,464.98"
2018/02/14,"21,251.24","21,371.01","20,950.15","21,154.17","21,154.17"
2018/02/13,"21,633.34","21,679.20","21,211.53","21,244.68","21,244.68"
2018/02/09,"21,507.74","21,510.30","21,119.01","21,382.62","21,382.62"
2018/02/08,"21,721.57","21,977.03","21,649.70","21,890.86","21,890.86"
2018/02/07,"22,001.29","22,353.87","21,627.13","21,645.37","21,645.37"
2018/02/06,"22,267.00","22,277.45","21,078.71","21,610.24","21,610.24"
2018/02/05,"22,921.16","22,967.69","22,659.43","22,682.08","22,682.08"
2018/02/02,"23,361.67","23,367.96","23,122.45","23,274.53","23,274.53"
2018/02/01,"23,276.10","23,492.77","23,211.12","23,486.11","23,486.11"
2018/01/31,"23,205.23","23,375.38","23,092.85","23,098.29","23,098.29"
2018/01/30,"23,559.33","23,581.98","23,233.37","23,291.97","23,291.97"
2018/01/29,"23,707.14","23,787.23","23,580.17","23,629.34","23,629.34"
2018/01/26,"23,757.34","23,797.96","23,592.28","23,631.88","23,631.88"
2018/01/25,"23,750.65","23,828.40","23,649.03","23,669.49","23,669.49"
2018/01/24,"24,026.43","24,072.77","23,917.14","23,940.78","23,940.78"
2018/01/23,"23,924.40","24,129.34","23,916.02","24,124.15","24,124.15"
2018/01/22,"23,797.84","23,816.33","23,697.81","23,816.33","23,816.33"
2018/01/19,"23,854.11","23,872.69","23,735.61","23,808.06","23,808.06"
2018/01/18,"24,078.93","24,084.42","23,699.47","23,763.37","23,763.37"
2018/01/17,"23,783.42","23,891.63","23,739.17","23,868.34","23,868.34"
2018/01/16,"23,721.17","23,962.07","23,701.83","23,951.81","23,951.81"
2018/01/15,"23,827.98","23,833.27","23,685.02","23,714.88","23,714.88"
2018/01/12,"23,719.66","23,743.05","23,588.07","23,653.82","23,653.82"
2018/01/11,"23,656.39","23,734.97","23,601.84","23,710.43","23,710.43"
2018/01/10,"23,832.81","23,864.76","23,755.45","23,788.20","23,788.20"
2018/01/09,"23,948.97","23,952.61","23,789.03","23,849.99","23,849.99"
2018/01/05,"23,643.00","23,730.47","23,520.52","23,714.53","23,714.53"
2018/01/04,"23,073.73","23,506.33","23,065.20","23,506.33","23,506.33"
2017/12/29,"22,831.49","22,881.21","22,753.20","22,764.94","22,764.94"
2017/12/28,"22,912.05","22,954.45","22,736.43","22,783.98","22,783.98"
2017/12/27,"22,854.39","22,936.16","22,854.39","22,911.21","22,911.21"
2017/12/26,"22,922.95","22,950.15","22,877.63","22,892.69","22,892.69"
2017/12/25,"22,909.41","22,948.83","22,870.19","22,939.18","22,939.18"
2017/12/22,"22,850.73","22,908.84","22,801.16","22,902.76","22,902.76"
2017/12/21,"22,852.01","22,894.95","22,728.06","22,866.10","22,866.10"
2017/12/20,"22,834.93","22,923.50","22,806.73","22,891.72","22,891.72"
2017/12/19,"22,961.47","22,990.42","22,862.82","22,868.00","22,868.00"
2017/12/18,"22,770.44","22,927.50","22,735.20","22,901.77","22,901.77"
2017/12/15,"22,621.36","22,745.09","22,478.32","22,553.22","22,553.22"
2017/12/14,"22,699.30","22,786.61","22,638.76","22,694.45","22,694.45"
2017/12/13,"22,879.27","22,879.37","22,697.32","22,758.07","22,758.07"
2017/12/12,"22,936.41","22,994.33","22,834.89","22,866.17","22,866.17"
2017/12/11,"22,894.30","22,938.73","22,787.40","22,938.73","22,938.73"
2017/12/08,"22,627.95","22,819.71","22,625.41","22,811.08","22,811.08"
2017/12/07,"22,317.15","22,515.24","22,317.15","22,498.03","22,498.03"
2017/12/06,"22,525.38","22,528.21","22,119.21","22,177.04","22,177.04"
2017/12/05,"22,595.33","22,682.71","22,522.28","22,622.38","22,622.38"
2017/12/04,"22,843.53","22,864.33","22,693.99","22,707.16","22,707.16"
2017/12/01,"22,916.93","22,994.31","22,675.07","22,819.03","22,819.03"
2017/11/30,"22,601.83","22,748.32","22,502.68","22,724.96","22,724.96"
2017/11/29,"22,613.96","22,643.93","22,537.12","22,597.20","22,597.20"
2017/11/28,"22,474.74","22,580.99","22,363.94","22,486.24","22,486.24"
2017/11/27,"22,657.08","22,659.33","22,423.40","22,495.99","22,495.99"
2017/11/24,"22,390.14","22,567.20","22,381.01","22,550.85","22,550.85"
2017/11/22,"22,601.55","22,677.34","22,513.44","22,523.15","22,523.15"
2017/11/21,"22,456.79","22,563.25","22,416.48","22,416.48","22,416.48"
2017/11/20,"22,279.98","22,410.24","22,215.07","22,261.76","22,261.76"
2017/11/17,"22,603.30","22,757.40","22,319.12","22,396.80","22,396.80"
2017/11/16,"21,975.23","22,392.13","21,972.34","22,351.12","22,351.12"
2017/11/15,"22,250.98","22,305.24","22,004.79","22,028.32","22,028.32"
2017/11/14,"22,342.93","22,532.30","22,323.24","22,380.01","22,380.01"
2017/11/13,"22,607.56","22,607.92","22,380.99","22,380.99","22,380.99"
2017/11/10,"22,580.70","22,724.39","22,511.93","22,681.42","22,681.42"
2017/11/09,"22,989.44","23,382.15","22,522.83","22,868.71","22,868.71"
2017/11/08,"22,849.91","22,922.80","22,759.07","22,913.82","22,913.82"
2017/11/07,"22,518.75","22,953.18","22,512.91","22,937.60","22,937.60"
2017/11/06,"22,612.96","22,644.68","22,435.34","22,548.35","22,548.35"
2017/11/02,"22,512.18","22,540.25","22,400.01","22,539.12","22,539.12"
2017/11/01,"22,144.92","22,455.92","22,130.03","22,420.08","22,420.08"
2017/10/31,"21,897.29","22,020.38","21,840.07","22,011.61","22,011.61"
2017/10/30,"22,047.95","22,086.88","21,921.24","22,011.67","22,011.67"
2017/10/27,"21,903.27","22,016.50","21,815.72","22,008.45","22,008.45"
2017/10/26,"21,698.95","21,793.62","21,688.56","21,739.78","21,739.78"
2017/10/25,"21,900.13","21,921.36","21,648.35","21,707.62","21,707.62"
2017/10/24,"21,670.00","21,805.17","21,646.52","21,805.17","21,805.17"
2017/10/23,"21,709.30","21,723.60","21,614.51","21,696.65","21,696.65"
2017/10/20,"21,390.95","21,489.26","21,363.10","21,457.64","21,457.64"
2017/10/19,"21,450.04","21,503.85","21,381.52","21,448.52","21,448.52"
2017/10/18,"21,374.66","21,402.76","21,317.67","21,363.05","21,363.05"
2017/10/17,"21,352.17","21,393.96","21,230.67","21,336.12","21,336.12"
2017/10/16,"21,221.27","21,347.07","21,187.93","21,255.56","21,255.56"
2017/10/13,"20,959.66","21,211.29","20,933.00","21,155.18","21,155.18"
2017/10/12,"20,958.18","20,994.40","20,917.04","20,954.72","20,954.72"
2017/10/11,"20,803.71","20,898.41","20,788.12","20,881.27","20,881.27"
2017/10/10,"20,680.54","20,823.66","20,663.08","20,823.51","20,823.51"
2017/10/06,"20,716.85","20,721.15","20,659.15","20,690.71","20,690.71"
2017/10/05,"20,650.71","20,667.47","20,602.26","20,628.56","20,628.56"
2017/10/04,"20,660.81","20,689.08","20,592.18","20,626.66","20,626.66"
2017/10/03,"20,475.25","20,628.38","20,438.17","20,614.07","20,614.07"
2017/10/02,"20,400.51","20,411.33","20,363.28","20,400.78","20,400.78"
2017/09/29,"20,315.34","20,370.33","20,285.06","20,356.28","20,356.28"
2017/09/28,"20,398.63","20,399.87","20,299.68","20,363.11","20,363.11"
2017/09/27,"20,269.82","20,278.09","20,213.66","20,267.05","20,267.05"
2017/09/26,"20,349.26","20,385.50","20,303.98","20,330.19","20,330.19"
2017/09/25,"20,439.43","20,454.29","20,367.03","20,397.58","20,397.58"
2017/09/22,"20,413.61","20,417.07","20,249.24","20,296.45","20,296.45"
2017/09/21,"20,456.50","20,481.27","20,332.69","20,347.48","20,347.48"
2017/09/20,"20,301.33","20,339.37","20,272.82","20,310.46","20,310.46"
2017/09/19,"20,128.18","20,320.78","20,122.00","20,299.38","20,299.38"
2017/09/15,"19,793.80","19,933.40","19,787.65","19,909.50","19,909.50"
2017/09/14,"19,860.37","19,918.39","19,793.85","19,807.44","19,807.44"
2017/09/13,"19,873.69","19,888.84","19,845.02","19,865.82","19,865.82"
2017/09/12,"19,736.14","19,792.06","19,718.80","19,776.62","19,776.62"
2017/09/11,"19,441.39","19,567.03","19,437.14","19,545.77","19,545.77"
2017/09/08,"19,297.96","19,357.49","19,239.52","19,274.82","19,274.82"
2017/09/07,"19,433.44","19,482.72","19,365.75","19,396.52","19,396.52"
2017/09/06,"19,286.06","19,371.38","19,254.67","19,357.97","19,357.97"
2017/09/05,"19,533.38","19,542.78","19,354.59","19,385.81","19,385.81"
2017/09/04,"19,615.96","19,628.40","19,479.40","19,508.25","19,508.25"
2017/09/01,"19,733.57","19,735.96","19,620.07","19,691.47","19,691.47"
2017/08/31,"19,591.32","19,687.99","19,583.11","19,646.24","19,646.24"
2017/08/30,"19,480.98","19,538.23","19,435.10","19,506.54","19,506.54"
2017/08/29,"19,319.11","19,371.90","19,280.02","19,362.55","19,362.55"
2017/08/28,"19,502.23","19,535.50","19,420.50","19,449.90","19,449.90"
2017/08/25,"19,401.12","19,485.97","19,384.37","19,452.61","19,452.61"
2017/08/24,"19,366.36","19,428.55","19,351.92","19,353.77","19,353.77"
2017/08/23,"19,547.05","19,561.32","19,408.47","19,434.64","19,434.64"
2017/08/22,"19,373.11","19,437.25","19,361.95","19,383.84","19,383.84"
2017/08/21,"19,509.53","19,509.53","19,365.65","19,393.13","19,393.13"
2017/08/18,"19,471.27","19,543.13","19,433.09","19,470.41","19,470.41"
2017/08/17,"19,707.75","19,739.04","19,679.37","19,702.63","19,702.63"
2017/08/16,"19,750.55","19,776.86","19,719.08","19,729.28","19,729.28"
2017/08/15,"19,689.38","19,824.12","19,656.91","19,753.31","19,753.31"
2017/08/14,"19,545.58","19,598.41","19,486.48","19,537.10","19,537.10"
2017/08/10,"19,792.45","19,829.88","19,685.83","19,729.74","19,729.74"
2017/08/09,"19,928.96","19,945.28","19,660.22","19,738.71","19,738.71"
2017/08/08,"20,062.65","20,076.80","19,970.57","19,996.01","19,996.01"
2017/08/07,"20,059.29","20,085.90","20,037.40","20,055.89","20,055.89"
2017/08/04,"19,949.79","19,984.51","19,933.59","19,952.33","19,952.33"
2017/08/03,"20,066.00","20,070.16","19,985.40","20,029.26","20,029.26"
2017/08/02,"20,057.07","20,113.73","20,022.05","20,080.04","20,080.04"
2017/08/01,"19,907.08","20,000.46","19,904.72","19,985.79","19,985.79"
2017/07/31,"19,933.45","19,983.90","19,891.90","19,925.18","19,925.18"
2017/07/28,"20,048.46","20,056.16","19,926.60","19,959.84","19,959.84"
2017/07/27,"20,026.58","20,176.39","20,005.20","20,079.64","20,079.64"
2017/07/26,"20,098.14","20,116.00","20,016.58","20,050.16","20,050.16"
2017/07/25,"19,979.56","20,036.31","19,941.61","19,955.20","19,955.20"
2017/07/24,"19,973.67","20,002.54","19,901.88","19,975.67","19,975.67"
2017/07/21,"20,089.86","20,135.33","20,081.91","20,099.75","20,099.75"
2017/07/20,"20,046.90","20,157.11","20,032.23","20,144.59","20,144.59"
2017/07/19,"19,970.78","20,032.46","19,947.26","20,020.86","20,020.86"
2017/07/18,"20,074.41","20,081.29","19,943.14","19,999.91","19,999.91"
2017/07/14,"20,157.92","20,163.67","20,101.71","20,118.86","20,118.86"
2017/07/13,"20,177.28","20,183.80","20,062.27","20,099.81","20,099.81"
2017/07/12,"20,137.22","20,153.04","20,061.16","20,098.38","20,098.38"
2017/07/11,"20,073.86","20,200.88","20,070.67","20,195.48","20,195.48"
2017/07/10,"20,070.44","20,127.76","20,023.03","20,080.98","20,080.98"
2017/07/07,"19,856.65","19,979.93","19,856.65","19,929.09","19,929.09"
2017/07/06,"20,061.68","20,078.88","19,947.63","19,994.06","19,994.06"
2017/07/05,"20,015.07","20,087.01","19,888.90","20,081.63","20,081.63"
2017/07/04,"20,192.27","20,197.16","19,971.53","20,032.35","20,032.35"
2017/07/03,"20,056.32","20,096.14","20,030.61","20,055.80","20,055.80"
2017/06/30,"20,025.63","20,044.01","19,946.51","20,033.43","20,033.43"
2017/06/29,"20,260.87","20,266.59","20,197.38","20,220.30","20,220.30"
2017/06/28,"20,149.20","20,224.30","20,110.49","20,130.41","20,130.41"
2017/06/27,"20,229.12","20,250.10","20,185.19","20,225.09","20,225.09"
2017/06/26,"20,132.81","20,196.38","20,119.04","20,153.35","20,153.35"
2017/06/23,"20,152.58","20,152.58","20,089.54","20,132.67","20,132.67"
2017/06/22,"20,154.38","20,191.42","20,107.89","20,110.51","20,110.51"
2017/06/21,"20,192.16","20,215.11","20,117.79","20,138.79","20,138.79"
2017/06/20,"20,234.12","20,318.11","20,227.29","20,230.41","20,230.41"
2017/06/19,"19,974.30","20,087.71","19,949.88","20,067.75","20,067.75"
2017/06/16,"19,931.15","20,015.16","19,884.80","19,943.26","19,943.26"
2017/06/15,"19,815.54","19,963.36","19,755.34","19,831.82","19,831.82"
2017/06/14,"19,974.56","20,009.93","19,879.60","19,883.52","19,883.52"
2017/06/13,"19,859.81","19,929.03","19,850.86","19,898.75","19,898.75"
2017/06/12,"19,920.77","19,949.07","19,837.64","19,908.58","19,908.58"
2017/06/09,"19,953.06","20,096.01","19,927.07","20,013.26","20,013.26"
2017/06/08,"20,048.28","20,061.22","19,896.35","19,909.26","19,909.26"
2017/06/07,"19,951.68","20,023.24","19,908.07","19,984.62","19,984.62"
2017/06/06,"20,122.26","20,152.95","19,948.02","19,979.90","19,979.90"
2017/06/05,"20,135.42","20,224.54","20,104.13","20,170.82","20,170.82"
2017/06/02,"19,970.23","20,239.81","19,967.00","20,177.28","20,177.28"
2017/06/01,"19,692.16","19,887.66","19,686.32","19,860.03","19,860.03"
2017/05/31,"19,630.33","19,673.51","19,589.25","19,650.57","19,650.57"
2017/05/30,"19,681.11","19,691.44","19,570.13","19,677.85","19,677.85"
2017/05/29,"19,697.18","19,736.62","19,627.19","19,682.57","19,682.57"
2017/05/26,"19,798.49","19,801.59","19,686.49","19,686.84","19,686.84"
2017/05/25,"19,737.21","19,850.93","19,720.12","19,813.13","19,813.13"
2017/05/24,"19,777.56","19,782.81","19,690.10","19,742.98","19,742.98"
2017/05/23,"19,647.74","19,693.02","19,585.54","19,613.28","19,613.28"
2017/05/22,"19,670.48","19,722.93","19,618.73","19,678.28","19,678.28"
2017/05/19,"19,591.41","19,628.64","19,497.29","19,590.76","19,590.76"
2017/05/18,"19,556.99","19,601.53","19,449.73","19,553.86","19,553.86"
2017/05/17,"19,806.78","19,842.78","19,764.63","19,814.88","19,814.88"
2017/05/16,"19,953.06","19,998.49","19,862.41","19,919.82","19,919.82"
2017/05/15,"19,753.46","19,869.85","19,740.63","19,869.85","19,869.85"
2017/05/12,"19,941.64","19,941.64","19,809.91","19,883.90","19,883.90"
2017/05/11,"19,943.95","19,989.94","19,906.35","19,961.55","19,961.55"
2017/05/10,"19,890.56","19,938.53","19,866.30","19,900.09","19,900.09"
2017/05/09,"19,915.64","19,917.45","19,838.71","19,843.00","19,843.00"
2017/05/08,"19,709.01","19,929.48","19,705.13","19,895.70","19,895.70"
2017/05/02,"19,335.72","19,464.30","19,335.02","19,445.70","19,445.70"
2017/05/01,"19,154.03","19,311.21","19,144.62","19,310.52","19,310.52"
2017/04/28,"19,240.65","19,264.57","19,164.68","19,196.74","19,196.74"
2017/04/27,"19,205.59","19,281.70","19,199.59","19,251.87","19,251.87"
2017/04/26,"19,184.92","19,289.43","19,170.86","19,289.43","19,289.43"
2017/04/25,"18,872.56","19,109.76","18,867.19","19,079.33","19,079.33"
2017/04/24,"18,890.38","18,910.33","18,840.13","18,875.88","18,875.88"
2017/04/21,"18,591.82","18,648.28","18,542.42","18,620.75","18,620.75"
2017/04/20,"18,446.39","18,523.40","18,420.82","18,430.49","18,430.49"
2017/04/19,"18,327.33","18,467.73","18,327.33","18,432.20","18,432.20"
2017/04/18,"18,497.38","18,547.46","18,362.73","18,418.59","18,418.59"
2017/04/17,"18,239.84","18,361.44","18,224.68","18,355.26","18,355.26"
2017/04/14,"18,531.91","18,531.91","18,285.73","18,335.63","18,335.63"
2017/04/13,"18,391.72","18,455.25","18,304.72","18,426.84","18,426.84"
2017/04/12,"18,592.10","18,602.50","18,460.59","18,552.61","18,552.61"
2017/04/11,"18,717.55","18,767.70","18,661.86","18,747.87","18,747.87"
2017/04/10,"18,800.22","18,850.80","18,762.70","18,797.88","18,797.88"
2017/04/07,"18,714.98","18,785.73","18,517.43","18,664.63","18,664.63"
2017/04/06,"18,754.37","18,797.44","18,532.65","18,597.06","18,597.06"
2017/04/05,"18,900.70","18,941.94","18,773.94","18,861.27","18,861.27"
2017/04/04,"18,933.82","18,947.33","18,703.63","18,810.25","18,810.25"
2017/04/03,"18,988.00","19,068.62","18,920.52","18,983.23","18,983.23"
2017/03/31,"19,170.42","19,210.92","18,909.26","18,909.26","18,909.26"
2017/03/30,"19,150.82","19,218.08","19,043.48","19,063.22","19,063.22"
2017/03/29,"19,216.78","19,251.30","19,164.61","19,217.48","19,217.48"
2017/03/28,"19,159.07","19,203.64","19,113.44","19,202.87","19,202.87"
2017/03/27,"19,071.19","19,086.89","18,932.09","18,985.59","18,985.59"
2017/03/24,"19,066.35","19,296.05","19,060.64","19,262.53","19,262.53"
2017/03/23,"19,048.84","19,105.11","18,973.75","19,085.31","19,085.31"
2017/03/22,"19,146.62","19,183.27","19,026.53","19,041.38","19,041.38"
2017/03/21,"19,416.55","19,485.14","19,337.22","19,455.88","19,455.88"
2017/03/17,"19,510.89","19,547.51","19,487.92","19,521.59","19,521.59"
2017/03/16,"19,458.70","19,618.99","19,454.17","19,590.14","19,590.14"
2017/03/15,"19,528.75","19,581.53","19,503.74","19,577.38","19,577.38"
2017/03/14,"19,634.29","19,637.55","19,599.62","19,609.50","19,609.50"
2017/03/13,"19,545.74","19,656.48","19,531.51","19,633.75","19,633.75"
2017/03/10,"19,444.71","19,623.72","19,427.81","19,604.61","19,604.61"
2017/03/09,"19,343.06","19,350.20","19,262.98","19,318.58","19,318.58"
2017/03/08,"19,308.53","19,326.40","19,198.78","19,254.03","19,254.03"
2017/03/07,"19,337.19","19,375.09","19,317.10","19,344.15","19,344.15"
2017/03/06,"19,409.18","19,411.54","19,340.32","19,379.14","19,379.14"
2017/03/03,"19,551.34","19,587.79","19,392.75","19,469.17","19,469.17"
2017/03/02,"19,624.82","19,668.01","19,564.80","19,564.80","19,564.80"
2017/03/01,"19,226.94","19,414.55","19,164.62","19,393.54","19,393.54"
2017/02/28,"19,194.68","19,267.99","19,118.99","19,118.99","19,118.99"
2017/02/27,"19,130.51","19,178.99","18,995.55","19,107.47","19,107.47"
2017/02/24,"19,232.11","19,381.10","19,219.58","19,283.54","19,283.54"
2017/02/23,"19,379.92","19,379.92","19,262.63","19,371.46","19,371.46"
2017/02/22,"19,419.22","19,419.22","19,329.28","19,379.87","19,379.87"
2017/02/21,"19,267.87","19,395.35","19,261.98","19,381.44","19,381.44"
2017/02/20,"19,161.33","19,274.75","19,115.11","19,251.08","19,251.08"
2017/02/17,"19,228.74","19,275.39","19,173.53","19,234.62","19,234.62"
2017/02/16,"19,431.61","19,431.61","19,260.24","19,347.53","19,347.53"
2017/02/15,"19,438.81","19,495.62","19,420.00","19,437.98","19,437.98"
2017/02/14,"19,478.86","19,501.01","19,232.85","19,238.98","19,238.98"
2017/02/13,"19,513.78","19,519.44","19,418.18","19,459.15","19,459.15"
2017/02/10,"19,216.74","19,395.99","19,193.57","19,378.93","19,378.93"
2017/02/09,"18,942.04","18,991.23","18,874.91","18,907.67","18,907.67"
2017/02/08,"18,951.16","19,009.24","18,875.57","19,007.60","19,007.60"
2017/02/07,"18,844.12","18,970.58","18,805.32","18,910.78","18,910.78"
2017/02/06,"19,069.72","19,075.57","18,899.40","18,976.71","18,976.71"
2017/02/03,"18,996.74","19,061.26","18,830.89","18,918.20","18,918.20"
2017/02/02,"19,152.79","19,170.63","18,866.80","18,914.58","18,914.58"
2017/02/01,"18,926.97","19,155.79","18,916.18","19,148.08","19,148.08"
2017/01/31,"19,145.35","19,199.75","19,041.34","19,041.34","19,041.34"
2017/01/30,"19,371.28","19,390.97","19,295.80","19,368.85","19,368.85"
2017/01/27,"19,453.51","19,486.68","19,404.13","19,467.40","19,467.40"
2017/01/26,"19,260.67","19,405.23","19,232.46","19,402.39","19,402.39"
2017/01/25,"19,091.23","19,133.18","18,987.45","19,057.50","19,057.50"
2017/01/24,"18,817.42","18,915.70","18,783.16","18,787.99","18,787.99"
2017/01/23,"18,938.45","19,024.21","18,879.68","18,891.03","18,891.03"
2017/01/20,"19,059.15","19,176.86","19,040.20","19,137.91","19,137.91"
2017/01/19,"19,082.83","19,122.39","18,982.13","19,072.25","19,072.25"
2017/01/18,"18,753.96","18,941.24","18,650.33","18,894.37","18,894.37"
2017/01/17,"19,038.45","19,043.91","18,812.86","18,813.53","18,813.53"
2017/01/16,"19,219.13","19,255.41","19,061.27","19,095.24","19,095.24"
2017/01/13,"19,174.97","19,299.36","19,156.93","19,287.28","19,287.28"
2017/01/12,"19,300.19","19,300.19","19,069.02","19,134.70","19,134.70"
2017/01/11,"19,358.64","19,402.17","19,325.46","19,364.67","19,364.67"
2017/01/10,"19,414.83","19,484.90","19,255.35","19,301.44","19,301.44"
2017/01/06,"19,393.55","19,472.37","19,354.44","19,454.33","19,454.33"
2017/01/05,"19,602.10","19,615.40","19,473.28","19,520.69","19,520.69"
2017/01/04,"19,298.68","19,594.16","19,277.93","19,594.16","19,594.16"
2016/12/30,"18,997.68","19,176.81","18,991.59","19,114.37","19,114.37"
2016/12/29,"19,301.04","19,301.04","19,092.22","19,145.14","19,145.14"
2016/12/28,"19,392.11","19,442.13","19,364.73","19,401.72","19,401.72"
2016/12/27,"19,353.43","19,478.58","19,352.06","19,403.06","19,403.06"
2016/12/26,"19,394.41","19,432.48","19,385.94","19,396.64","19,396.64"
2016/12/22,"19,396.85","19,427.67","19,327.51","19,427.67","19,427.67"
2016/12/21,"19,547.28","19,592.90","19,375.19","19,444.49","19,444.49"
2016/12/20,"19,367.84","19,511.20","19,356.81","19,494.53","19,494.53"
2016/12/19,"19,345.84","19,399.26","19,307.14","19,391.60","19,391.60"
2016/12/16,"19,438.39","19,439.97","19,360.36","19,401.15","19,401.15"
2016/12/15,"19,327.70","19,436.90","19,192.60","19,273.79","19,273.79"
2016/12/14,"19,270.01","19,284.28","19,184.75","19,253.61","19,253.61"
2016/12/13,"19,120.76","19,253.51","19,060.72","19,250.52","19,250.52"
2016/12/12,"19,183.82","19,280.93","19,054.00","19,155.03","19,155.03"
2016/12/09,"18,839.98","19,042.48","18,821.41","18,996.37","18,996.37"
2016/12/08,"18,674.19","18,765.47","18,614.01","18,765.47","18,765.47"
2016/12/07,"18,434.54","18,502.47","18,410.88","18,496.69","18,496.69"
2016/12/06,"18,457.20","18,484.80","18,318.99","18,360.54","18,360.54"
2016/12/05,"18,349.92","18,365.74","18,227.39","18,274.99","18,274.99"
2016/12/02,"18,435.55","18,469.68","18,315.38","18,426.08","18,426.08"
2016/12/01,"18,535.24","18,746.28","18,469.27","18,513.12","18,513.12"
2016/11/30,"18,356.03","18,370.31","18,280.66","18,308.48","18,308.48"
2016/11/29,"18,263.63","18,327.51","18,258.82","18,307.04","18,307.04"
2016/11/28,"18,302.58","18,374.93","18,222.82","18,356.89","18,356.89"
2016/11/25,"18,387.59","18,482.94","18,288.50","18,381.22","18,381.22"
2016/11/24,"18,329.78","18,382.72","18,310.31","18,333.41","18,333.41"
2016/11/22,"18,091.05","18,175.63","18,050.55","18,162.94","18,162.94"
2016/11/21,"18,038.09","18,129.03","18,007.79","18,106.02","18,106.02"
2016/11/18,"18,024.21","18,043.72","17,967.41","17,967.41","17,967.41"
2016/11/17,"17,766.61","17,884.06","17,764.08","17,862.63","17,862.63"
2016/11/16,"17,832.51","17,886.44","17,807.47","17,862.21","17,862.21"
2016/11/15,"17,690.22","17,727.58","17,605.77","17,668.15","17,668.15"
2016/11/14,"17,467.49","17,697.33","17,455.78","17,672.62","17,672.62"
2016/11/11,"17,526.61","17,621.73","17,333.49","17,374.79","17,374.79"
2016/11/10,"16,562.86","17,393.82","16,560.66","17,344.42","17,344.42"
2016/11/09,"17,281.95","17,427.71","16,111.81","16,251.54","16,251.54"
2016/11/08,"17,242.70","17,247.04","17,130.83","17,171.38","17,171.38"
2016/11/07,"17,126.03","17,186.89","17,056.84","17,177.21","17,177.21"
2016/11/04,"16,964.50","16,996.09","16,801.98","16,905.36","16,905.36"
2016/11/02,"17,238.00","17,283.60","17,080.59","17,134.68","17,134.68"
